"Tabela 3417 - Índices de volume e de receita nominal de vendas no comércio varejista ampliado, por tipos de índice (2014 = 100)"
"Variável - Índice de receita nominal de vendas no comércio varejista ampliado (Número-índice)"
"Nível";"Cód.";"Brasil e Unidade da Federação";"Mês x Tipos de índice"
"Nível";"Cód.";"Brasil e Unidade da Federação";"janeiro 2003";"fevereiro 2003";"março 2003";"abril 2003";"maio 2003";"junho 2003";"julho 2003";"agosto 2003";"setembro 2003";"outubro 2003";"novembro 2003";"dezembro 2003";"janeiro 2004";"fevereiro 2004";"março 2004";"abril 2004";"maio 2004";"junho 2004";"julho 2004";"agosto 2004";"setembro 2004";"outubro 2004";"novembro 2004";"dezembro 2004";"janeiro 2005";"fevereiro 2005";"março 2005";"abril 2005";"maio 2005";"junho 2005";"julho 2005";"agosto 2005";"setembro 2005";"outubro 2005";"novembro 2005";"dezembro 2005";"janeiro 2006";"fevereiro 2006";"março 2006";"abril 2006";"maio 2006";"junho 2006";"julho 2006";"agosto 2006";"setembro 2006";"outubro 2006";"novembro 2006";"dezembro 2006";"janeiro 2007";"fevereiro 2007";"março 2007";"abril 2007";"maio 2007";"junho 2007";"julho 2007";"agosto 2007";"setembro 2007";"outubro 2007";"novembro 2007";"dezembro 2007";"janeiro 2008";"fevereiro 2008";"março 2008";"abril 2008";"maio 2008";"junho 2008";"julho 2008";"agosto 2008";"setembro 2008";"outubro 2008";"novembro 2008";"dezembro 2008";"janeiro 2009";"fevereiro 2009";"março 2009";"abril 2009";"maio 2009";"junho 2009";"julho 2009";"agosto 2009";"setembro 2009";"outubro 2009";"novembro 2009";"dezembro 2009";"janeiro 2010";"fevereiro 2010";"março 2010";"abril 2010";"maio 2010";"junho 2010";"julho 2010";"agosto 2010";"setembro 2010";"outubro 2010";"novembro 2010";"dezembro 2010";"janeiro 2011";"fevereiro 2011";"março 2011";"abril 2011";"maio 2011";"junho 2011";"julho 2011";"agosto 2011";"setembro 2011";"outubro 2011";"novembro 2011";"dezembro 2011";"janeiro 2012";"fevereiro 2012";"março 2012";"abril 2012";"maio 2012";"junho 2012";"julho 2012";"agosto 2012";"setembro 2012";"outubro 2012";"novembro 2012";"dezembro 2012";"janeiro 2013";"fevereiro 2013";"março 2013";"abril 2013";"maio 2013";"junho 2013";"julho 2013";"agosto 2013";"setembro 2013";"outubro 2013";"novembro 2013";"dezembro 2013";"janeiro 2014";"fevereiro 2014";"março 2014";"abril 2014";"maio 2014";"junho 2014";"julho 2014";"agosto 2014";"setembro 2014";"outubro 2014";"novembro 2014";"dezembro 2014";"janeiro 2015";"fevereiro 2015";"março 2015";"abril 2015";"maio 2015";"junho 2015";"julho 2015";"agosto 2015";"setembro 2015";"outubro 2015";"novembro 2015";"dezembro 2015";"janeiro 2016";"fevereiro 2016";"março 2016";"abril 2016";"maio 2016";"junho 2016";"julho 2016";"agosto 2016";"setembro 2016";"outubro 2016";"novembro 2016";"dezembro 2016";"janeiro 2017";"fevereiro 2017";"março 2017";"abril 2017";"maio 2017";"junho 2017";"julho 2017";"agosto 2017";"setembro 2017";"outubro 2017";"novembro 2017";"dezembro 2017";"janeiro 2018";"fevereiro 2018";"março 2018";"abril 2018";"maio 2018";"junho 2018";"julho 2018";"agosto 2018";"setembro 2018";"outubro 2018";"novembro 2018";"dezembro 2018";"janeiro 2019";"fevereiro 2019";"março 2019";"abril 2019";"maio 2019";"junho 2019";"julho 2019";"agosto 2019";"setembro 2019";"outubro 2019";"novembro 2019";"dezembro 2019";"janeiro 2020";"fevereiro 2020";"março 2020";"abril 2020";"maio 2020";"junho 2020";"julho 2020";"agosto 2020";"setembro 2020";"outubro 2020";"novembro 2020";"dezembro 2020";"janeiro 2021";"fevereiro 2021";"março 2021"
"Nível";"Cód.";"Brasil e Unidade da Federação";"Índice base fixa (2014=100)";"Índice base fixa (2014=100)";"Índice base fixa (2014=100)";"Índice base fixa (2014=100)";"Índice base fixa (2014=100)";"Índice base fixa (2014=100)";"Índice base fixa (2014=100)";"Índice base fixa (2014=100)";"Índice base fixa (2014=100)";"Índice base fixa (2014=100)";"Índice base fixa (2014=100)";"Índice base fixa (2014=100)";"Índice base fixa (2014=100)";"Índice base fixa (2014=100)";"Índice base fixa (2014=100)";"Índice base fixa (2014=100)";"Índice base fixa (2014=100)";"Índice base fixa (2014=100)";"Índice base fixa (2014=100)";"Índice base fixa (2014=100)";"Índice base fixa (2014=100)";"Índice base fixa (2014=100)";"Índice base fixa (2014=100)";"Índice base fixa (2014=100)";"Índice base fixa (2014=100)";"Índice base fixa (2014=100)";"Índice base fixa (2014=100)";"Índice base fixa (2014=100)";"Índice base fixa (2014=100)";"Índice base fixa (2014=100)";"Índice base fixa (2014=100)";"Índice base fixa (2014=100)";"Índice base fixa (2014=100)";"Índice base fixa (2014=100)";"Índice base fixa (2014=100)";"Índice base fixa (2014=100)";"Índice base fixa (2014=100)";"Índice base fixa (2014=100)";"Índice base fixa (2014=100)";"Índice base fixa (2014=100)";"Índice base fixa (2014=100)";"Índice base fixa (2014=100)";"Índice base fixa (2014=100)";"Índice base fixa (2014=100)";"Índice base fixa (2014=100)";"Índice base fixa (2014=100)";"Índice base fixa (2014=100)";"Índice base fixa (2014=100)";"Índice base fixa (2014=100)";"Índice base fixa (2014=100)";"Índice base fixa (2014=100)";"Índice base fixa (2014=100)";"Índice base fixa (2014=100)";"Índice base fixa (2014=100)";"Índice base fixa (2014=100)";"Índice base fixa (2014=100)";"Índice base fixa (2014=100)";"Índice base fixa (2014=100)";"Índice base fixa (2014=100)";"Índice base fixa (2014=100)";"Índice base fixa (2014=100)";"Índice base fixa (2014=100)";"Índice base fixa (2014=100)";"Índice base fixa (2014=100)";"Índice base fixa (2014=100)";"Índice base fixa (2014=100)";"Índice base fixa (2014=100)";"Índice base fixa (2014=100)";"Índice base fixa (2014=100)";"Índice base fixa (2014=100)";"Índice base fixa (2014=100)";"Índice base fixa (2014=100)";"Índice base fixa (2014=100)";"Índice base fixa (2014=100)";"Índice base fixa (2014=100)";"Índice base fixa (2014=100)";"Índice base fixa (2014=100)";"Índice base fixa (2014=100)";"Índice base fixa (2014=100)";"Índice base fixa (2014=100)";"Índice base fixa (2014=100)";"Índice base fixa (2014=100)";"Índice base fixa (2014=100)";"Índice base fixa (2014=100)";"Índice base fixa (2014=100)";"Índice base fixa (2014=100)";"Índice base fixa (2014=100)";"Índice base fixa (2014=100)";"Índice base fixa (2014=100)";"Índice base fixa (2014=100)";"Índice base fixa (2014=100)";"Índice base fixa (2014=100)";"Índice base fixa (2014=100)";"Índice base fixa (2014=100)";"Índice base fixa (2014=100)";"Índice base fixa (2014=100)";"Índice base fixa (2014=100)";"Índice base fixa (2014=100)";"Índice base fixa (2014=100)";"Índice base fixa (2014=100)";"Índice base fixa (2014=100)";"Índice base fixa (2014=100)";"Índice base fixa (2014=100)";"Índice base fixa (2014=100)";"Índice base fixa (2014=100)";"Índice base fixa (2014=100)";"Índice base fixa (2014=100)";"Índice base fixa (2014=100)";"Índice base fixa (2014=100)";"Índice base fixa (2014=100)";"Índice base fixa (2014=100)";"Índice base fixa (2014=100)";"Índice base fixa (2014=100)";"Índice base fixa (2014=100)";"Índice base fixa (2014=100)";"Índice base fixa (2014=100)";"Índice base fixa (2014=100)";"Índice base fixa (2014=100)";"Índice base fixa (2014=100)";"Índice base fixa (2014=100)";"Índice base fixa (2014=100)";"Índice base fixa (2014=100)";"Índice base fixa (2014=100)";"Índice base fixa (2014=100)";"Índice base fixa (2014=100)";"Índice base fixa (2014=100)";"Índice base fixa (2014=100)";"Índice base fixa (2014=100)";"Índice base fixa (2014=100)";"Índice base fixa (2014=100)";"Índice base fixa (2014=100)";"Índice base fixa (2014=100)";"Índice base fixa (2014=100)";"Índice base fixa (2014=100)";"Índice base fixa (2014=100)";"Índice base fixa (2014=100)";"Índice base fixa (2014=100)";"Índice base fixa (2014=100)";"Índice base fixa (2014=100)";"Índice base fixa (2014=100)";"Índice base fixa (2014=100)";"Índice base fixa (2014=100)";"Índice base fixa (2014=100)";"Índice base fixa (2014=100)";"Índice base fixa (2014=100)";"Índice base fixa (2014=100)";"Índice base fixa (2014=100)";"Índice base fixa (2014=100)";"Índice base fixa (2014=100)";"Índice base fixa (2014=100)";"Índice base fixa (2014=100)";"Índice base fixa (2014=100)";"Índice base fixa (2014=100)";"Índice base fixa (2014=100)";"Índice base fixa (2014=100)";"Índice base fixa (2014=100)";"Índice base fixa (2014=100)";"Índice base fixa (2014=100)";"Índice base fixa (2014=100)";"Índice base fixa (2014=100)";"Índice base fixa (2014=100)";"Índice base fixa (2014=100)";"Índice base fixa (2014=100)";"Índice base fixa (2014=100)";"Índice base fixa (2014=100)";"Índice base fixa (2014=100)";"Índice base fixa (2014=100)";"Índice base fixa (2014=100)";"Índice base fixa (2014=100)";"Índice base fixa (2014=100)";"Índice base fixa (2014=100)";"Índice base fixa (2014=100)";"Índice base fixa (2014=100)";"Índice base fixa (2014=100)";"Índice base fixa (2014=100)";"Índice base fixa (2014=100)";"Índice base fixa (2014=100)";"Índice base fixa (2014=100)";"Índice base fixa (2014=100)";"Índice base fixa (2014=100)";"Índice base fixa (2014=100)";"Índice base fixa (2014=100)";"Índice base fixa (2014=100)";"Índice base fixa (2014=100)";"Índice base fixa (2014=100)";"Índice base fixa (2014=100)";"Índice base fixa (2014=100)";"Índice base fixa (2014=100)";"Índice base fixa (2014=100)";"Índice base fixa (2014=100)";"Índice base fixa (2014=100)";"Índice base fixa (2014=100)";"Índice base fixa (2014=100)";"Índice base fixa (2014=100)";"Índice base fixa (2014=100)";"Índice base fixa (2014=100)";"Índice base fixa (2014=100)";"Índice base fixa (2014=100)";"Índice base fixa (2014=100)";"Índice base fixa (2014=100)";"Índice base fixa (2014=100)";"Índice base fixa (2014=100)";"Índice base fixa (2014=100)";"Índice base fixa (2014=100)";"Índice base fixa (2014=100)";"Índice base fixa (2014=100)";"Índice base fixa (2014=100)";"Índice base fixa (2014=100)";"Índice base fixa (2014=100)";"Índice base fixa (2014=100)";"Índice base fixa (2014=100)";"Índice base fixa (2014=100)";"Índice base fixa (2014=100)";"Índice base fixa (2014=100)";"Índice base fixa (2014=100)";"Índice base fixa (2014=100)";"Índice base fixa (2014=100)";"Índice base fixa (2014=100)";"Índice base fixa (2014=100)"
"BR";"1";"Brasil";"29,8";"29,2";"29,7";"30,6";"31,9";"30,0";"32,1";"32,0";"32,2";"34,3";"34,0";"43,3";"33,4";"31,7";"36,3";"35,0";"37,1";"36,8";"38,6";"38,6";"38,0";"39,9";"40,5";"52,2";"39,2";"34,8";"41,0";"39,6";"40,9";"40,6";"41,1";"42,7";"40,5";"42,3";"43,6";"55,6";"41,9";"37,2";"43,8";"41,2";"45,2";"41,7";"44,3";"46,4";"44,7";"46,8";"47,9";"58,7";"45,9";"41,4";"49,3";"47,4";"51,4";"49,3";"51,0";"54,6";"51,4";"56,0";"56,2";"67,1";"54,4";"51,0";"57,3";"57,2";"60,2";"59,4";"62,6";"61,5";"62,6";"61,0";"56,9";"70,8";"57,7";"53,2";"62,3";"58,1";"62,7";"65,3";"63,1";"64,7";"67,7";"67,7";"65,8";"81,3";"64,4";"61,5";"77,1";"67,1";"71,2";"69,9";"72,8";"75,3";"74,0";"77,1";"78,8";"96,4";"73,7";"72,4";"77,7";"77,1";"81,6";"78,1";"80,1";"82,0";"79,9";"80,7";"83,3";"102,6";"81,6";"76,2";"87,1";"79,9";"86,8";"87,9";"88,5";"95,1";"82,9";"93,3";"91,1";"110,5";"89,9";"80,4";"94,3";"91,3";"95,1";"91,7";"97,1";"99,6";"93,4";"100,5";"101,6";"120,2";"98,8";"91,0";"93,9";"96,6";"101,5";"91,6";"98,2";"98,6";"97,6";"103,8";"104,7";"123,7";"99,3";"87,1";"98,6";"94,3";"97,2";"94,3";"98,1";"96,3";"93,4";"99,2";"98,9";"120,3";"94,0";"90,0";"99,2";"93,8";"95,2";"94,7";"96,2";"97,5";"93,4";"96,6";"100,1";"118,9";"97,0";"87,9";"98,8";"94,2";"99,8";"98,0";"99,6";"102,5";"99,8";"101,9";"107,2";"125,2";"103,4";"92,6";"108,1";"102,3";"103,2";"104,6";"105,5";"112,4";"105,4";"112,0";"117,1";"130,9";"109,4";"102,4";"108,4";"109,9";"114,1";"109,0";"115,5";"116,6";"111,4";"119,4";"123,7";"140,4";"116,6";"108,7";"105,4";"83,8";"99,0";"109,1";"121,2";"125,5";"125,9";"135,5";"139,1";"155,9";"124,6";"118,1";"128,8"
"UF";"11";"Rondônia";"...";"...";"...";"...";"...";"...";"...";"...";"...";"...";"...";"...";"18,5";"17,5";"21,1";"20,6";"22,3";"23,6";"27,8";"25,3";"25,1";"25,0";"24,9";"33,8";"21,0";"24,0";"27,9";"27,9";"30,2";"29,0";"29,2";"30,4";"29,3";"31,1";"32,6";"43,3";"26,2";"25,1";"30,1";"29,6";"31,9";"31,1";"33,1";"36,4";"34,6";"33,5";"35,7";"46,1";"29,4";"27,3";"35,9";"36,1";"39,4";"36,7";"38,4";"40,4";"34,7";"39,8";"41,0";"51,9";"34,8";"36,2";"42,0";"42,6";"47,0";"45,7";"50,6";"51,3";"49,1";"51,1";"48,7";"65,1";"44,3";"42,2";"49,0";"47,7";"53,2";"52,0";"56,4";"55,9";"58,3";"56,3";"59,8";"75,5";"52,8";"54,8";"69,6";"62,7";"65,5";"64,9";"68,7";"71,0";"72,1";"74,0";"77,6";"96,7";"64,4";"67,1";"71,9";"73,7";"80,1";"74,9";"85,3";"88,4";"84,3";"85,3";"86,1";"110,3";"73,8";"71,6";"77,7";"75,7";"85,5";"89,6";"94,2";"95,0";"83,7";"94,9";"90,8";"105,6";"79,2";"72,1";"87,1";"86,5";"91,6";"89,5";"96,6";"96,0";"85,4";"90,8";"97,2";"114,6";"85,3";"81,1";"87,0";"94,5";"110,7";"97,7";"104,0";"103,2";"100,4";"105,6";"104,4";"126,1";"93,1";"82,4";"93,8";"91,6";"95,6";"92,7";"100,0";"94,1";"89,7";"93,9";"96,1";"115,5";"90,9";"87,4";"89,5";"86,0";"91,6";"93,1";"96,9";"96,3";"90,1";"96,3";"84,8";"101,6";"79,2";"72,6";"84,6";"76,1";"87,8";"82,4";"88,9";"107,9";"84,9";"89,9";"94,3";"109,5";"86,1";"82,4";"94,8";"91,0";"95,2";"94,9";"99,5";"103,3";"99,3";"101,7";"112,2";"120,8";"93,3";"89,7";"96,1";"92,3";"99,6";"92,8";"106,6";"102,9";"98,8";"106,2";"115,8";"123,2";"101,8";"94,6";"79,0";"61,6";"84,9";"92,9";"114,7";"117,7";"121,4";"127,1";"140,5";"141,9";"102,6";"107,2";"114,4"
"UF";"12";"Acre";"...";"...";"...";"...";"...";"...";"...";"...";"...";"...";"...";"...";"13,6";"13,1";"15,8";"14,6";"16,4";"16,2";"17,1";"17,2";"17,6";"18,1";"16,2";"24,3";"17,4";"19,5";"22,6";"22,5";"22,9";"24,0";"24,1";"24,9";"23,6";"23,9";"23,0";"30,1";"21,6";"25,4";"28,7";"26,4";"30,4";"29,4";"32,5";"36,2";"35,1";"35,2";"35,5";"44,1";"33,8";"30,3";"35,4";"34,4";"37,7";"35,5";"39,2";"40,8";"38,9";"40,7";"40,9";"50,1";"37,7";"37,7";"42,0";"44,9";"44,9";"44,4";"48,2";"46,5";"48,7";"48,6";"42,4";"54,5";"41,7";"42,4";"48,2";"42,2";"48,4";"50,0";"54,7";"55,2";"57,7";"57,4";"53,9";"68,9";"50,6";"50,5";"62,4";"53,2";"58,2";"62,8";"66,7";"69,2";"66,6";"70,1";"70,4";"93,8";"63,2";"64,0";"69,2";"65,4";"71,6";"65,4";"71,9";"73,9";"73,5";"68,9";"70,9";"99,6";"69,9";"64,3";"72,4";"70,1";"79,4";"81,4";"85,6";"88,1";"74,2";"83,8";"80,8";"103,7";"81,7";"72,7";"82,1";"87,9";"90,7";"86,0";"92,9";"95,2";"89,6";"97,0";"96,5";"121,3";"96,5";"86,4";"82,2";"78,2";"111,1";"94,9";"110,9";"98,0";"101,0";"103,0";"106,1";"131,9";"92,6";"84,3";"95,6";"92,8";"97,4";"94,9";"99,0";"94,0";"89,4";"90,2";"90,5";"113,2";"88,9";"85,0";"89,7";"86,8";"88,4";"87,7";"89,9";"88,9";"80,7";"85,9";"87,6";"110,7";"88,0";"78,4";"89,1";"85,7";"95,2";"90,2";"96,6";"99,0";"94,0";"97,2";"99,3";"121,2";"94,2";"87,2";"99,9";"93,9";"103,5";"99,3";"99,8";"106,9";"103,0";"109,9";"112,5";"125,8";"100,2";"92,3";"104,0";"101,6";"109,8";"103,4";"111,7";"111,6";"105,1";"116,0";"118,2";"138,6";"109,1";"102,6";"92,8";"75,2";"85,9";"102,4";"124,3";"135,2";"132,8";"136,2";"148,7";"156,9";"115,1";"101,3";"123,4"
"UF";"13";"Amazonas";"...";"...";"...";"...";"...";"...";"...";"...";"...";"...";"...";"...";"27,9";"25,5";"28,8";"30,0";"35,0";"34,7";"36,6";"35,6";"35,8";"38,4";"39,1";"54,7";"36,3";"36,4";"42,2";"42,1";"45,2";"45,2";"47,5";"48,7";"45,5";"48,4";"49,7";"68,2";"48,2";"45,2";"50,7";"48,7";"54,7";"49,8";"54,6";"56,9";"53,6";"56,8";"58,9";"74,9";"53,6";"49,6";"57,1";"53,8";"61,1";"56,7";"58,8";"62,6";"58,4";"63,1";"66,3";"80,1";"60,7";"56,7";"61,8";"63,1";"67,4";"64,5";"69,8";"68,2";"68,1";"68,3";"65,3";"82,8";"63,3";"58,0";"67,0";"60,6";"67,2";"67,6";"69,2";"70,2";"72,8";"72,6";"71,9";"91,4";"71,1";"66,1";"79,8";"71,1";"74,1";"74,2";"78,6";"82,2";"78,1";"81,6";"81,5";"102,6";"78,4";"74,2";"77,6";"75,9";"83,0";"80,5";"83,1";"86,9";"79,8";"82,4";"89,3";"108,6";"79,5";"75,6";"85,5";"81,9";"88,4";"84,6";"86,2";"91,8";"80,2";"86,6";"88,3";"106,7";"85,1";"80,7";"89,5";"89,7";"92,2";"89,2";"95,6";"98,3";"91,1";"99,6";"99,9";"120,5";"96,9";"88,3";"90,6";"92,1";"105,6";"91,6";"99,8";"103,5";"99,8";"106,1";"107,6";"118,1";"98,0";"86,0";"94,3";"92,6";"94,7";"92,5";"95,4";"97,1";"91,1";"95,8";"95,3";"109,2";"89,6";"82,6";"90,4";"85,1";"86,3";"86,9";"91,1";"93,0";"85,7";"91,5";"94,1";"113,1";"96,4";"85,9";"95,8";"93,4";"98,2";"96,2";"102,8";"105,7";"102,0";"106,0";"109,9";"126,6";"109,2";"97,3";"109,7";"102,6";"109,7";"103,8";"109,7";"117,1";"109,1";"117,3";"123,0";"133,5";"111,5";"104,7";"112,7";"111,7";"118,4";"119,1";"126,5";"127,0";"120,3";"130,2";"138,6";"147,6";"129,0";"120,0";"110,2";"81,5";"102,5";"137,9";"157,9";"158,0";"153,6";"164,1";"166,2";"180,0";"105,1";"116,3";"155,4"
"UF";"14";"Roraima";"...";"...";"...";"...";"...";"...";"...";"...";"...";"...";"...";"...";"23,6";"21,3";"24,6";"24,3";"23,6";"24,6";"27,1";"26,1";"25,0";"24,9";"25,5";"30,4";"23,3";"24,0";"27,8";"27,5";"27,5";"25,8";"27,3";"30,4";"30,5";"32,4";"33,4";"42,3";"34,9";"31,6";"34,3";"35,4";"35,3";"32,3";"34,9";"36,4";"38,9";"38,3";"37,4";"43,3";"33,8";"32,9";"38,2";"37,2";"39,4";"35,6";"37,4";"37,0";"34,9";"39,4";"41,3";"46,0";"37,4";"36,2";"40,4";"41,9";"45,5";"43,1";"46,6";"46,2";"46,9";"47,9";"47,1";"56,2";"45,6";"43,7";"51,2";"49,9";"51,2";"50,4";"50,6";"48,3";"48,8";"51,6";"53,7";"64,9";"51,7";"51,3";"61,5";"59,2";"60,8";"61,1";"63,5";"66,5";"68,5";"65,2";"65,6";"75,8";"64,3";"59,1";"67,0";"63,4";"65,6";"61,3";"64,3";"73,3";"71,1";"70,4";"70,1";"87,0";"73,3";"72,4";"82,1";"72,0";"80,6";"79,5";"82,3";"91,6";"81,8";"86,6";"86,2";"98,1";"85,4";"83,0";"89,7";"91,6";"91,8";"86,1";"88,9";"89,1";"86,0";"88,8";"86,2";"105,0";"89,6";"87,0";"89,1";"99,5";"99,7";"92,7";"100,8";"98,8";"102,7";"108,0";"104,6";"127,4";"105,3";"93,2";"106,5";"105,4";"108,9";"102,1";"110,6";"105,4";"102,4";"103,6";"110,6";"127,1";"107,0";"103,8";"112,5";"110,0";"110,6";"113,2";"121,9";"125,0";"118,5";"121,9";"121,9";"140,9";"104,6";"103,7";"110,6";"103,7";"112,2";"111,4";"117,3";"125,8";"122,4";"119,6";"121,1";"132,5";"116,9";"112,5";"124,0";"117,5";"128,4";"118,3";"122,7";"131,5";"123,6";"134,0";"131,6";"145,9";"124,1";"115,1";"122,9";"135,6";"139,4";"131,9";"139,7";"137,3";"133,5";"141,7";"153,2";"158,6";"137,7";"130,4";"122,6";"115,6";"125,2";"134,9";"157,5";"161,8";"168,3";"175,8";"176,4";"197,6";"160,0";"153,4";"177,4"
"UF";"15";"Pará";"...";"...";"...";"...";"...";"...";"...";"...";"...";"...";"...";"...";"25,6";"24,1";"26,0";"26,7";"28,7";"28,5";"29,9";"29,8";"28,8";"31,2";"30,8";"48,3";"30,6";"31,6";"36,2";"36,0";"38,4";"37,5";"38,1";"41,3";"39,5";"40,8";"40,6";"59,2";"37,2";"35,1";"40,0";"39,7";"46,2";"43,7";"44,0";"46,9";"45,5";"48,3";"49,4";"69,0";"44,5";"40,3";"48,2";"46,6";"53,9";"50,3";"48,5";"52,0";"51,3";"55,2";"53,8";"76,2";"55,4";"48,1";"52,2";"52,1";"56,6";"54,7";"58,0";"55,6";"57,9";"56,2";"53,6";"74,9";"53,0";"48,1";"54,8";"51,4";"58,0";"58,5";"59,5";"62,0";"64,3";"64,1";"61,5";"88,8";"60,6";"56,3";"68,8";"61,7";"69,8";"65,1";"69,9";"71,0";"70,7";"72,1";"73,4";"104,7";"68,7";"66,2";"70,5";"70,4";"74,9";"73,8";"75,0";"77,6";"74,7";"76,6";"76,5";"110,9";"77,2";"71,4";"83,0";"76,3";"88,1";"87,7";"87,8";"94,0";"82,6";"93,9";"87,9";"118,7";"87,5";"77,9";"91,3";"89,7";"95,9";"91,5";"95,2";"95,3";"89,9";"97,4";"96,3";"126,4";"95,3";"85,9";"92,2";"91,9";"101,1";"92,1";"100,0";"97,3";"96,8";"111,2";"105,1";"131,3";"97,8";"86,3";"101,2";"94,9";"100,7";"97,1";"100,1";"96,0";"92,9";"98,7";"100,2";"125,4";"92,3";"88,8";"94,8";"91,8";"93,7";"91,3";"92,3";"91,0";"84,9";"90,5";"93,0";"118,0";"89,3";"80,0";"96,6";"90,1";"98,1";"93,9";"96,7";"97,3";"94,2";"97,8";"102,1";"123,8";"98,0";"86,1";"102,4";"94,1";"102,2";"99,9";"102,4";"106,9";"100,3";"106,6";"117,1";"133,0";"104,3";"98,0";"106,0";"103,5";"110,3";"106,5";"110,7";"114,3";"109,8";"118,7";"130,0";"147,2";"119,6";"110,4";"108,6";"85,9";"89,9";"126,1";"138,7";"144,6";"139,7";"146,7";"162,1";"181,3";"136,5";"126,4";"133,8"
"UF";"16";"Amapá";"...";"...";"...";"...";"...";"...";"...";"...";"...";"...";"...";"...";"24,8";"25,6";"27,0";"27,7";"30,6";"29,8";"33,0";"31,7";"31,5";"32,7";"33,4";"52,1";"30,2";"29,1";"32,5";"31,9";"35,5";"35,1";"38,4";"40,4";"37,7";"37,1";"38,1";"56,0";"41,7";"37,2";"42,3";"38,8";"48,5";"46,4";"48,9";"51,2";"45,8";"51,1";"51,8";"69,5";"49,4";"45,3";"50,3";"47,7";"54,5";"52,2";"58,5";"61,3";"54,3";"58,3";"56,4";"73,5";"57,5";"49,1";"53,6";"57,8";"64,0";"65,2";"69,7";"64,8";"63,6";"65,5";"61,5";"82,2";"60,9";"55,2";"60,9";"58,9";"64,3";"67,1";"73,2";"71,7";"72,9";"74,6";"70,0";"96,1";"72,0";"64,9";"78,1";"71,2";"81,8";"78,3";"88,8";"88,9";"83,2";"83,7";"89,8";"109,2";"81,1";"72,7";"72,1";"71,6";"76,5";"78,4";"80,6";"83,6";"75,1";"77,5";"79,0";"101,8";"82,6";"76,1";"79,6";"74,3";"86,0";"87,3";"91,5";"101,2";"94,2";"95,1";"94,0";"117,0";"91,7";"84,4";"89,4";"87,5";"92,1";"94,9";"100,1";"97,9";"92,4";"95,0";"94,4";"118,3";"85,5";"86,8";"92,5";"93,7";"99,6";"95,7";"105,4";"102,1";"99,7";"104,5";"108,7";"125,9";"103,8";"90,2";"95,1";"90,6";"94,7";"91,0";"91,6";"90,6";"86,0";"87,7";"85,8";"106,9";"85,6";"80,9";"82,2";"77,9";"81,1";"79,4";"81,8";"81,2";"79,4";"82,0";"84,8";"99,5";"89,3";"84,4";"85,7";"82,3";"84,3";"83,4";"86,8";"87,9";"86,6";"88,1";"91,6";"97,7";"92,0";"89,0";"88,0";"85,8";"85,6";"83,0";"81,7";"82,7";"82,1";"87,2";"91,5";"95,6";"96,3";"95,6";"98,5";"98,7";"107,4";"104,1";"106,3";"116,6";"106,0";"114,6";"117,6";"140,2";"114,3";"100,1";"88,8";"59,5";"67,9";"96,6";"129,5";"142,3";"134,5";"140,9";"132,1";"167,4";"129,9";"117,4";"110,9"
"UF";"17";"Tocantins";"...";"...";"...";"...";"...";"...";"...";"...";"...";"...";"...";"...";"15,3";"13,4";"15,7";"15,0";"16,7";"16,7";"17,3";"16,9";"16,1";"17,2";"16,8";"21,4";"17,1";"19,6";"22,0";"22,0";"24,0";"24,4";"23,7";"25,2";"23,1";"23,7";"23,2";"30,5";"25,0";"21,7";"27,3";"23,3";"29,1";"28,9";"27,9";"31,6";"27,8";"30,1";"30,9";"36,5";"30,1";"26,9";"32,4";"31,2";"35,2";"31,7";"34,2";"36,9";"33,4";"36,5";"34,9";"42,9";"35,6";"32,0";"33,8";"33,7";"38,6";"38,1";"40,6";"39,1";"41,9";"41,0";"37,2";"43,9";"37,2";"35,1";"40,6";"37,0";"43,0";"45,2";"40,7";"39,6";"44,9";"39,5";"41,0";"50,1";"43,6";"44,7";"58,6";"50,5";"54,2";"60,7";"57,7";"64,7";"63,4";"65,6";"64,4";"76,2";"70,8";"61,9";"66,4";"66,7";"72,1";"72,8";"77,5";"77,8";"72,6";"70,6";"75,9";"98,8";"76,7";"70,8";"80,7";"74,2";"81,1";"85,7";"90,7";"93,2";"78,6";"91,7";"87,6";"105,5";"82,8";"74,8";"85,3";"94,0";"89,9";"91,8";"92,4";"93,0";"88,0";"93,8";"97,1";"103,9";"90,0";"83,7";"88,1";"94,7";"104,4";"94,6";"103,7";"100,1";"101,4";"110,5";"115,3";"113,4";"88,7";"81,9";"97,2";"92,5";"94,0";"93,2";"94,5";"91,7";"85,3";"87,4";"96,9";"102,5";"82,3";"81,3";"89,0";"83,2";"84,8";"85,7";"87,9";"88,8";"77,6";"80,7";"91,5";"106,5";"80,7";"72,2";"97,9";"84,9";"93,5";"92,3";"91,0";"98,1";"93,5";"99,5";"105,3";"110,4";"90,5";"88,7";"107,4";"100,5";"100,1";"100,3";"107,7";"111,0";"104,4";"112,2";"119,9";"118,7";"92,8";"101,6";"109,9";"109,6";"120,2";"111,7";"117,8";"118,9";"118,5";"121,2";"128,8";"139,2";"104,8";"114,2";"116,6";"94,7";"110,5";"132,4";"137,5";"134,6";"138,2";"136,1";"139,6";"141,5";"114,2";"112,3";"121,9"
"UF";"21";"Maranhão";"...";"...";"...";"...";"...";"...";"...";"...";"...";"...";"...";"...";"18,1";"16,2";"19,5";"18,6";"21,2";"21,0";"23,6";"22,7";"21,2";"22,5";"22,7";"33,2";"23,1";"21,5";"24,6";"24,7";"26,1";"26,3";"29,4";"30,2";"28,0";"28,7";"31,1";"41,2";"28,4";"27,8";"33,2";"30,5";"36,3";"32,8";"37,3";"38,9";"35,7";"37,9";"40,5";"50,4";"37,3";"33,8";"40,4";"38,4";"43,5";"40,4";"43,1";"44,9";"43,0";"46,2";"49,0";"57,3";"44,3";"41,3";"44,1";"46,9";"49,0";"47,7";"53,3";"52,1";"53,7";"51,0";"47,9";"61,4";"51,7";"45,2";"49,8";"45,7";"52,1";"53,8";"56,7";"55,8";"56,2";"55,7";"53,9";"69,2";"56,2";"52,2";"63,8";"59,7";"61,1";"60,6";"67,6";"68,0";"66,8";"66,6";"69,5";"87,9";"65,3";"65,2";"68,5";"72,8";"74,2";"70,0";"75,1";"79,3";"74,3";"70,7";"76,5";"99,6";"76,4";"71,2";"78,8";"71,2";"79,9";"79,9";"87,7";"93,9";"79,7";"90,0";"88,3";"108,5";"87,4";"76,9";"85,9";"87,4";"91,0";"87,4";"96,4";"97,6";"90,5";"97,1";"96,0";"117,9";"96,0";"88,5";"90,0";"93,7";"99,7";"90,6";"100,8";"102,5";"99,6";"109,9";"104,4";"124,4";"99,8";"85,9";"100,5";"95,5";"94,9";"91,9";"97,4";"93,3";"87,7";"93,7";"92,6";"114,0";"89,6";"83,9";"93,0";"90,9";"91,4";"91,8";"90,9";"96,0";"87,9";"90,0";"94,3";"116,4";"95,2";"83,9";"98,9";"91,8";"100,5";"95,9";"100,1";"104,6";"98,3";"100,2";"104,3";"121,8";"107,3";"91,3";"103,5";"97,4";"102,9";"104,6";"108,1";"116,0";"103,3";"110,6";"119,5";"128,5";"108,4";"100,0";"103,8";"104,3";"112,2";"103,7";"112,4";"119,9";"105,4";"113,7";"120,8";"132,8";"113,7";"104,1";"98,1";"83,6";"93,9";"122,8";"140,1";"151,7";"139,6";"144,9";"153,4";"165,0";"131,2";"120,6";"135,6"
"UF";"22";"Piauí";"...";"...";"...";"...";"...";"...";"...";"...";"...";"...";"...";"...";"25,1";"23,0";"25,9";"24,1";"26,2";"25,5";"27,5";"25,7";"25,4";"26,2";"27,6";"37,8";"28,1";"28,0";"31,7";"31,8";"33,7";"34,0";"36,4";"37,3";"34,4";"34,5";"35,7";"52,6";"38,5";"34,2";"40,8";"36,3";"43,6";"40,3";"42,6";"45,2";"43,0";"42,6";"44,1";"55,0";"42,1";"37,1";"44,4";"39,5";"45,9";"42,3";"44,7";"47,0";"44,8";"47,5";"47,8";"61,6";"49,6";"44,2";"47,8";"48,2";"52,2";"51,5";"56,0";"55,2";"56,3";"53,4";"53,2";"71,6";"54,8";"49,7";"56,0";"52,2";"59,9";"64,8";"64,2";"66,2";"67,9";"64,8";"66,1";"84,2";"62,9";"57,4";"76,2";"58,4";"67,2";"65,6";"71,0";"70,6";"72,5";"68,9";"74,0";"96,6";"69,3";"66,7";"70,0";"67,6";"74,0";"74,2";"76,8";"78,1";"74,7";"70,4";"78,7";"105,5";"77,9";"73,5";"80,3";"72,0";"85,2";"81,8";"84,7";"89,7";"77,5";"85,0";"88,5";"112,3";"88,6";"77,6";"91,9";"88,5";"93,5";"91,5";"98,9";"96,1";"89,8";"93,8";"99,3";"119,4";"96,9";"88,6";"92,6";"94,7";"103,3";"92,5";"100,4";"97,8";"97,8";"105,0";"105,8";"124,5";"99,7";"86,1";"99,3";"91,6";"97,5";"94,7";"101,2";"95,6";"93,9";"98,0";"97,3";"120,3";"97,5";"90,2";"98,0";"95,6";"96,7";"94,5";"96,8";"97,2";"92,4";"95,0";"101,5";"121,4";"93,6";"81,2";"94,9";"88,7";"100,7";"94,6";"101,5";"103,9";"99,2";"96,8";"106,2";"120,6";"103,2";"87,9";"99,8";"96,1";"103,5";"99,6";"104,8";"108,8";"101,2";"102,5";"112,9";"122,3";"103,1";"95,4";"98,0";"97,3";"105,4";"88,5";"97,0";"104,9";"101,6";"105,0";"112,5";"125,2";"109,4";"97,4";"88,2";"66,6";"76,5";"93,5";"102,7";"121,6";"126,6";"130,4";"135,9";"154,1";"120,4";"118,9";"119,3"
"UF";"23";"Ceará";"...";"...";"...";"...";"...";"...";"...";"...";"...";"...";"...";"...";"24,7";"22,5";"25,3";"24,7";"26,4";"26,1";"28,9";"27,8";"27,0";"28,5";"29,1";"40,3";"29,2";"25,9";"29,7";"30,3";"32,7";"32,9";"35,6";"35,4";"34,0";"34,4";"36,0";"46,7";"35,5";"31,1";"35,3";"33,1";"39,1";"36,5";"39,1";"40,8";"39,8";"41,9";"43,7";"52,9";"42,5";"35,7";"42,3";"40,2";"45,2";"43,0";"44,6";"47,0";"44,9";"48,3";"49,0";"60,4";"49,9";"42,9";"46,3";"49,4";"52,4";"50,8";"56,6";"55,3";"58,4";"54,5";"51,2";"65,5";"52,8";"47,6";"53,4";"51,6";"57,2";"60,0";"60,0";"60,7";"63,5";"62,7";"59,7";"78,3";"62,5";"57,7";"71,7";"62,9";"68,3";"65,7";"71,2";"73,8";"71,3";"72,4";"76,0";"96,5";"72,0";"71,4";"73,3";"72,1";"77,4";"75,1";"78,8";"80,9";"78,8";"76,9";"79,4";"99,8";"79,5";"72,6";"80,2";"76,8";"83,4";"88,2";"92,1";"94,4";"82,5";"91,8";"89,4";"107,5";"87,6";"75,4";"85,6";"87,0";"90,2";"84,1";"96,0";"94,5";"90,2";"95,8";"97,3";"117,5";"98,4";"89,4";"90,1";"96,3";"102,7";"91,4";"99,5";"98,6";"101,5";"102,5";"105,4";"124,1";"102,7";"85,7";"97,2";"95,0";"100,7";"96,1";"101,0";"96,0";"92,3";"96,1";"96,9";"118,6";"95,4";"88,4";"96,9";"94,0";"95,2";"94,2";"98,2";"97,4";"92,6";"95,5";"100,7";"118,1";"98,0";"85,2";"94,6";"88,5";"99,7";"96,7";"101,2";"100,2";"97,8";"100,4";"104,1";"122,1";"103,3";"86,5";"101,5";"98,0";"102,0";"100,2";"104,4";"106,3";"100,4";"104,1";"111,3";"124,5";"105,6";"96,1";"100,5";"104,9";"112,6";"105,3";"111,3";"110,7";"103,6";"115,0";"116,0";"130,5";"113,6";"98,4";"92,2";"71,4";"74,8";"99,1";"117,1";"123,8";"118,1";"125,8";"131,1";"146,3";"116,3";"106,8";"109,9"
"UF";"24";"Rio Grande do Norte";"...";"...";"...";"...";"...";"...";"...";"...";"...";"...";"...";"...";"24,8";"24,5";"27,9";"26,8";"28,6";"28,5";"30,6";"30,3";"29,7";"31,2";"32,2";"44,1";"32,1";"31,7";"36,3";"35,6";"36,6";"36,8";"38,7";"40,4";"39,4";"40,7";"43,2";"58,6";"42,1";"37,1";"43,5";"40,4";"44,1";"41,6";"44,8";"47,4";"45,1";"45,2";"46,9";"59,7";"44,9";"38,7";"48,5";"44,2";"49,0";"48,6";"50,8";"54,3";"52,2";"54,3";"55,4";"70,4";"55,8";"50,9";"56,0";"56,6";"58,0";"56,0";"60,6";"59,1";"59,8";"56,9";"55,4";"74,2";"57,7";"51,8";"58,1";"54,3";"60,0";"60,3";"59,4";"61,8";"66,4";"64,1";"61,8";"81,8";"61,6";"57,9";"73,6";"61,9";"66,0";"64,1";"68,8";"69,0";"68,2";"71,5";"72,2";"94,4";"72,7";"68,8";"69,5";"69,1";"71,5";"69,3";"73,7";"75,1";"71,6";"72,5";"74,5";"99,1";"74,2";"69,3";"76,2";"70,5";"78,8";"79,3";"81,5";"86,1";"78,6";"85,3";"84,3";"108,6";"83,7";"78,1";"90,9";"87,2";"92,6";"86,9";"95,8";"97,4";"91,8";"96,3";"97,1";"121,0";"94,1";"89,1";"90,0";"95,6";"102,9";"90,5";"99,6";"99,4";"99,1";"103,2";"106,8";"129,7";"100,5";"89,5";"101,4";"95,2";"99,7";"97,0";"102,8";"100,4";"95,4";"102,1";"102,7";"122,8";"97,7";"91,3";"100,7";"96,6";"97,7";"95,2";"99,5";"100,3";"96,2";"98,7";"104,2";"124,8";"97,7";"88,6";"98,4";"92,5";"98,3";"95,8";"98,8";"101,4";"98,7";"96,7";"105,3";"123,9";"108,2";"90,9";"109,0";"99,8";"106,1";"104,7";"104,5";"109,9";"104,8";"107,3";"114,5";"130,3";"108,6";"102,8";"107,0";"105,5";"111,8";"105,2";"112,0";"113,3";"107,8";"114,1";"120,9";"134,1";"113,5";"105,4";"102,0";"82,5";"95,9";"100,3";"115,4";"122,1";"122,5";"130,6";"132,6";"151,4";"122,0";"116,6";"124,3"
"UF";"25";"Paraíba";"...";"...";"...";"...";"...";"...";"...";"...";"...";"...";"...";"...";"22,0";"20,3";"23,9";"22,2";"24,0";"23,2";"24,5";"24,5";"23,7";"25,0";"26,9";"39,4";"27,0";"24,6";"28,6";"28,8";"31,0";"30,6";"32,3";"33,8";"31,3";"32,4";"34,3";"50,6";"34,0";"29,9";"36,5";"32,7";"37,7";"34,9";"38,2";"38,9";"38,3";"38,8";"41,4";"53,8";"39,9";"35,4";"43,3";"40,5";"44,4";"42,6";"41,7";"44,7";"42,4";"46,4";"48,5";"60,7";"47,8";"42,9";"46,6";"46,0";"51,6";"46,9";"53,8";"54,5";"56,0";"50,6";"50,4";"65,9";"48,7";"43,2";"50,1";"47,3";"53,1";"54,9";"53,7";"53,0";"57,8";"56,6";"55,8";"74,9";"56,5";"51,4";"67,3";"58,7";"66,5";"64,1";"70,6";"71,4";"69,2";"68,6";"71,8";"90,2";"68,2";"69,0";"69,7";"69,4";"73,5";"71,9";"74,6";"77,4";"76,5";"74,1";"78,5";"101,4";"75,4";"71,0";"84,5";"69,6";"80,5";"79,9";"78,4";"83,4";"77,4";"87,2";"89,6";"108,4";"87,5";"75,3";"90,4";"88,3";"93,0";"87,3";"95,3";"94,4";"89,1";"97,9";"101,9";"119,3";"97,1";"85,8";"89,2";"94,8";"103,5";"96,2";"98,8";"98,6";"99,8";"104,3";"110,2";"121,7";"95,4";"79,2";"89,8";"84,9";"90,7";"88,2";"95,8";"87,3";"86,0";"89,2";"93,3";"111,3";"91,8";"82,1";"89,5";"86,9";"89,6";"88,2";"93,6";"93,1";"86,1";"92,6";"103,1";"114,8";"96,0";"85,8";"95,3";"89,4";"96,5";"93,1";"92,6";"92,9";"94,1";"93,3";"102,7";"114,9";"103,1";"86,2";"102,1";"97,2";"96,8";"101,5";"98,3";"106,9";"93,5";"100,5";"108,1";"120,0";"100,5";"91,1";"95,7";"97,1";"100,6";"95,4";"103,0";"103,4";"98,6";"105,7";"121,0";"129,3";"111,3";"100,9";"93,3";"73,3";"90,2";"90,9";"115,3";"116,5";"112,3";"123,9";"128,6";"146,3";"118,6";"106,7";"114,2"
"UF";"26";"Pernambuco";"...";"...";"...";"...";"...";"...";"...";"...";"...";"...";"...";"...";"26,4";"24,5";"28,5";"26,8";"29,0";"28,5";"30,1";"30,0";"28,7";"30,3";"32,7";"44,7";"31,7";"30,9";"36,2";"34,8";"36,4";"34,5";"36,3";"38,5";"36,6";"37,9";"39,5";"54,1";"39,3";"34,3";"40,3";"36,6";"40,8";"38,0";"41,6";"42,5";"41,3";"42,3";"46,1";"57,2";"43,9";"38,1";"46,2";"42,5";"47,5";"46,4";"48,3";"50,5";"48,4";"52,1";"53,3";"66,4";"52,6";"46,8";"52,5";"51,7";"55,5";"51,1";"56,5";"55,7";"57,5";"56,8";"54,8";"68,5";"55,8";"48,5";"56,7";"53,0";"57,8";"59,1";"58,4";"60,4";"63,8";"63,1";"63,5";"81,3";"63,4";"57,8";"72,0";"61,8";"67,9";"65,0";"69,7";"72,5";"70,3";"72,9";"76,4";"94,9";"72,2";"68,5";"69,9";"70,9";"75,5";"72,0";"76,1";"78,8";"76,8";"76,1";"78,7";"100,4";"79,8";"72,3";"81,6";"74,9";"83,0";"84,1";"84,8";"92,3";"78,2";"87,8";"87,8";"110,4";"88,2";"75,2";"90,4";"86,7";"91,6";"87,0";"96,9";"99,1";"91,7";"97,8";"99,7";"124,4";"99,7";"88,9";"90,8";"93,0";"101,7";"90,0";"98,9";"99,5";"97,0";"102,9";"107,3";"130,3";"101,4";"86,6";"96,8";"89,4";"94,3";"90,5";"95,1";"92,3";"86,7";"92,2";"96,8";"117,5";"92,9";"83,1";"89,1";"84,7";"87,2";"86,8";"90,2";"88,5";"84,5";"90,3";"98,0";"118,1";"93,7";"81,3";"95,0";"88,7";"93,9";"92,7";"92,7";"96,5";"92,5";"93,6";"103,7";"115,6";"97,7";"83,0";"97,1";"91,8";"95,0";"95,8";"95,0";"98,8";"95,3";"99,7";"110,5";"121,0";"99,5";"92,3";"95,1";"97,6";"102,6";"96,5";"101,6";"106,6";"99,9";"107,0";"113,8";"127,8";"106,2";"94,4";"89,6";"68,2";"80,5";"94,1";"114,0";"118,9";"115,3";"122,9";"133,7";"148,1";"117,4";"111,8";"121,0"
"UF";"27";"Alagoas";"...";"...";"...";"...";"...";"...";"...";"...";"...";"...";"...";"...";"21,1";"19,3";"22,8";"21,8";"23,5";"22,7";"23,7";"24,8";"23,5";"26,1";"27,8";"38,9";"27,4";"26,8";"30,9";"29,0";"29,7";"29,9";"37,8";"33,1";"31,1";"32,5";"33,4";"45,4";"30,6";"29,4";"34,3";"30,8";"35,9";"32,5";"35,3";"37,9";"36,4";"41,5";"44,0";"57,2";"41,3";"36,3";"42,3";"40,7";"44,6";"42,5";"44,0";"46,6";"44,6";"50,2";"49,7";"65,0";"48,8";"46,0";"50,2";"48,8";"52,0";"48,2";"53,0";"51,8";"52,2";"55,5";"51,3";"67,9";"53,2";"48,6";"55,4";"51,5";"56,6";"55,2";"57,9";"57,5";"61,2";"60,8";"62,3";"82,7";"60,4";"57,2";"73,3";"62,8";"66,4";"59,7";"68,8";"70,2";"67,6";"70,4";"77,3";"101,7";"69,3";"68,2";"70,8";"68,4";"72,7";"67,8";"71,3";"75,8";"71,7";"72,3";"76,6";"100,4";"75,5";"71,8";"79,0";"76,2";"80,9";"84,1";"84,7";"91,5";"78,1";"84,8";"89,0";"117,4";"87,5";"77,3";"85,1";"84,8";"89,8";"86,5";"91,3";"96,2";"91,3";"99,0";"102,2";"131,2";"98,9";"90,8";"90,3";"95,0";"100,7";"88,9";"97,3";"96,1";"96,9";"103,9";"106,8";"134,4";"101,8";"85,4";"97,2";"92,1";"95,1";"85,6";"90,0";"87,6";"86,7";"92,9";"98,0";"122,5";"94,3";"86,1";"95,3";"89,8";"91,2";"87,3";"90,4";"92,8";"85,4";"93,0";"99,5";"123,2";"101,7";"89,7";"104,7";"96,1";"100,2";"97,7";"101,4";"104,3";"101,9";"102,4";"108,7";"129,0";"105,5";"91,1";"107,3";"100,7";"105,4";"102,6";"102,5";"109,1";"104,2";"111,5";"118,1";"132,3";"108,6";"99,3";"100,0";"106,3";"112,0";"99,6";"110,1";"111,9";"106,2";"116,8";"121,4";"138,3";"115,6";"104,5";"98,8";"77,8";"89,5";"95,5";"117,4";"125,9";"125,5";"131,9";"142,0";"157,0";"122,8";"111,1";"123,7"
"UF";"28";"Sergipe";"...";"...";"...";"...";"...";"...";"...";"...";"...";"...";"...";"...";"24,9";"23,1";"25,8";"24,5";"26,0";"26,0";"27,0";"26,9";"27,1";"27,9";"28,1";"39,6";"29,3";"30,7";"33,6";"32,6";"35,3";"34,9";"34,7";"37,3";"35,7";"40,1";"40,3";"55,1";"39,3";"34,1";"41,3";"37,2";"42,8";"39,4";"40,7";"45,6";"42,3";"43,7";"46,7";"58,5";"46,4";"40,6";"49,3";"44,8";"51,2";"47,6";"48,3";"53,0";"46,7";"52,5";"52,7";"66,6";"52,9";"48,7";"52,3";"54,5";"55,3";"53,2";"56,2";"56,8";"59,3";"58,4";"54,9";"72,7";"59,2";"53,9";"61,0";"56,0";"62,1";"64,2";"63,5";"66,4";"71,5";"70,7";"67,3";"86,9";"66,5";"63,9";"81,5";"69,5";"75,5";"71,3";"73,2";"74,5";"73,8";"77,9";"80,9";"106,9";"74,4";"71,3";"75,2";"72,4";"77,6";"74,2";"74,5";"76,9";"75,5";"78,6";"80,6";"105,4";"80,0";"76,1";"81,0";"77,1";"83,4";"84,0";"83,0";"91,5";"80,1";"90,1";"91,8";"113,3";"87,0";"79,0";"90,9";"89,0";"94,0";"87,3";"92,5";"94,4";"88,7";"97,5";"99,1";"121,3";"99,7";"89,8";"92,6";"95,9";"101,9";"90,8";"96,5";"98,2";"98,6";"102,7";"106,7";"126,5";"104,8";"93,1";"104,6";"100,1";"100,1";"99,3";"95,4";"94,0";"90,0";"95,4";"95,8";"111,1";"97,3";"88,6";"96,9";"92,4";"92,3";"89,7";"90,5";"91,6";"87,8";"93,8";"97,5";"120,0";"94,2";"83,1";"94,7";"89,7";"94,8";"90,5";"92,5";"97,0";"95,1";"95,4";"103,4";"114,8";"99,2";"85,5";"100,4";"95,9";"96,5";"97,0";"99,9";"102,3";"97,1";"102,2";"113,2";"123,2";"101,3";"93,4";"100,3";"100,4";"103,7";"92,3";"101,8";"103,1";"97,4";"105,3";"112,2";"121,2";"103,0";"95,7";"85,9";"72,8";"85,4";"90,1";"101,9";"110,7";"113,8";"120,1";"126,1";"139,3";"112,4";"104,4";"113,5"
"UF";"29";"Bahia";"...";"...";"...";"...";"...";"...";"...";"...";"...";"...";"...";"...";"30,2";"28,6";"33,4";"31,9";"34,4";"34,0";"35,6";"35,3";"34,9";"36,6";"37,6";"50,2";"37,8";"32,5";"37,5";"37,1";"38,5";"38,3";"38,8";"40,9";"38,3";"39,6";"40,7";"54,3";"40,7";"38,3";"45,8";"41,3";"45,4";"42,7";"45,2";"46,6";"44,1";"45,3";"47,2";"59,8";"46,8";"42,3";"51,1";"46,8";"51,6";"50,7";"49,3";"53,8";"50,6";"54,2";"53,6";"67,8";"55,1";"49,5";"55,9";"55,3";"59,4";"57,1";"60,1";"60,4";"60,1";"60,1";"57,1";"73,6";"57,9";"53,6";"61,8";"57,1";"62,4";"63,7";"62,6";"63,9";"67,0";"66,5";"64,2";"83,6";"65,8";"61,3";"77,5";"64,9";"70,9";"68,2";"70,8";"71,2";"70,8";"74,6";"77,3";"97,9";"73,7";"71,8";"74,5";"74,0";"78,3";"74,6";"77,3";"78,3";"74,9";"75,2";"77,5";"102,3";"81,0";"75,4";"86,5";"79,1";"85,1";"88,7";"86,5";"94,0";"80,0";"90,6";"88,7";"112,3";"89,5";"77,1";"90,3";"87,5";"94,9";"89,6";"94,5";"97,7";"90,7";"96,6";"97,1";"121,0";"100,1";"91,1";"93,9";"92,8";"103,6";"90,8";"97,7";"100,1";"98,0";"103,1";"104,0";"124,9";"100,1";"86,9";"100,0";"91,4";"97,2";"93,5";"97,2";"95,2";"93,1";"96,9";"97,9";"116,4";"92,2";"87,9";"94,9";"88,6";"89,7";"88,6";"91,6";"93,4";"87,2";"92,1";"96,3";"114,0";"92,2";"81,9";"94,8";"85,7";"91,8";"89,5";"91,2";"94,9";"91,4";"92,0";"101,8";"116,2";"96,8";"84,4";"97,2";"90,6";"91,8";"95,9";"93,8";"99,1";"92,5";"97,2";"108,6";"117,9";"96,6";"91,8";"93,5";"95,0";"99,5";"93,8";"100,7";"101,0";"96,9";"102,7";"114,1";"129,6";"99,5";"92,3";"83,7";"65,5";"74,2";"84,3";"96,8";"104,4";"105,0";"111,8";"117,8";"131,9";"102,5";"98,0";"101,1"
"UF";"31";"Minas Gerais";"...";"...";"...";"...";"...";"...";"...";"...";"...";"...";"...";"...";"34,6";"32,2";"36,5";"36,3";"37,2";"38,4";"40,7";"40,3";"41,4";"41,6";"42,0";"53,7";"41,9";"33,9";"41,3";"39,6";"40,7";"40,5";"41,3";"42,4";"40,8";"42,0";"42,8";"53,0";"41,7";"36,8";"45,9";"43,6";"47,4";"44,5";"46,8";"49,0";"47,5";"48,7";"49,1";"59,3";"47,6";"41,4";"51,5";"48,9";"53,7";"50,8";"52,7";"57,1";"53,3";"57,4";"57,3";"68,1";"56,4";"52,2";"57,9";"58,9";"61,6";"60,6";"64,8";"63,2";"63,6";"64,8";"57,9";"72,0";"59,6";"54,5";"64,3";"60,8";"63,7";"66,2";"66,0";"65,9";"69,3";"71,3";"67,1";"82,4";"67,3";"64,0";"79,2";"71,5";"73,9";"75,1";"77,2";"78,0";"78,2";"79,7";"80,4";"100,3";"80,2";"77,4";"82,5";"82,0";"86,8";"83,5";"86,6";"86,8";"86,0";"85,6";"86,8";"107,5";"85,5";"81,4";"95,8";"83,7";"91,1";"90,2";"93,0";"96,6";"86,3";"97,1";"97,1";"108,6";"93,2";"84,0";"95,8";"95,2";"96,3";"91,2";"96,9";"100,4";"91,5";"97,0";"98,9";"109,1";"99,8";"90,3";"91,7";"97,8";"101,0";"97,5";"97,4";"105,6";"98,2";"102,6";"102,1";"116,0";"97,7";"86,2";"98,4";"96,7";"97,8";"96,3";"101,6";"99,5";"95,7";"101,5";"99,7";"121,1";"97,5";"94,7";"103,5";"98,5";"101,5";"101,7";"104,0";"105,4";"101,9";"103,2";"105,0";"122,2";"101,2";"93,5";"105,8";"98,0";"102,1";"102,4";"103,5";"105,3";"100,9";"106,7";"112,2";"129,7";"106,7";"96,0";"113,5";"106,3";"104,1";"108,0";"105,5";"113,8";"103,5";"115,3";"118,5";"128,6";"110,7";"103,4";"111,1";"109,6";"112,7";"109,6";"117,6";"117,1";"114,4";"121,8";"125,9";"138,2";"115,8";"109,9";"112,1";"92,2";"109,7";"115,7";"128,0";"132,7";"136,0";"146,5";"147,1";"159,5";"137,0";"125,3";"137,6"
"UF";"32";"Espírito Santo";"...";"...";"...";"...";"...";"...";"...";"...";"...";"...";"...";"...";"25,6";"23,7";"26,8";"25,7";"26,7";"26,6";"30,0";"28,0";"27,9";"30,2";"30,6";"39,2";"30,4";"29,3";"34,0";"32,7";"33,8";"33,5";"35,0";"36,1";"35,9";"37,1";"36,3";"48,5";"37,7";"34,8";"39,5";"36,5";"40,1";"38,6";"40,3";"42,9";"42,3";"42,3";"44,3";"53,3";"43,5";"39,9";"48,3";"43,9";"46,0";"44,4";"46,9";"51,8";"49,1";"53,9";"54,7";"65,0";"55,0";"52,8";"58,7";"60,0";"61,0";"59,6";"64,6";"61,8";"63,2";"63,0";"54,1";"67,0";"59,3";"54,2";"62,5";"57,0";"60,6";"66,0";"63,9";"64,8";"72,1";"72,9";"64,2";"81,1";"68,6";"66,3";"87,5";"73,0";"78,5";"79,3";"79,3";"80,2";"83,5";"81,0";"82,2";"105,7";"90,4";"91,3";"101,5";"100,3";"108,6";"94,8";"86,5";"88,4";"88,3";"84,3";"87,0";"112,8";"95,4";"90,7";"102,5";"82,3";"104,0";"105,5";"95,3";"105,0";"89,5";"99,3";"97,2";"117,9";"100,7";"88,7";"102,4";"98,3";"98,5";"94,0";"98,9";"100,7";"93,1";"101,2";"101,3";"111,4";"97,8";"89,9";"93,6";"103,1";"106,9";"88,4";"102,3";"96,8";"99,4";"102,3";"101,2";"118,4";"101,7";"83,3";"95,6";"86,5";"90,6";"86,8";"91,2";"85,0";"84,7";"85,4";"84,6";"106,3";"84,7";"77,7";"83,9";"81,9";"78,8";"83,7";"83,7";"82,7";"78,5";"80,0";"84,5";"100,4";"80,1";"64,2";"87,6";"79,1";"89,0";"88,9";"88,1";"91,8";"87,4";"90,8";"95,4";"103,2";"89,0";"85,5";"102,3";"93,2";"93,7";"97,8";"99,2";"108,0";"100,2";"105,6";"109,1";"112,5";"102,8";"96,4";"101,5";"103,3";"108,8";"100,1";"107,1";"108,0";"103,4";"116,7";"116,0";"122,0";"112,7";"103,8";"102,4";"77,3";"98,2";"103,9";"116,6";"124,0";"131,6";"134,7";"134,5";"145,1";"125,7";"124,0";"142,5"
"UF";"33";"Rio de Janeiro";"...";"...";"...";"...";"...";"...";"...";"...";"...";"...";"...";"...";"36,4";"33,1";"37,5";"35,4";"38,9";"37,5";"39,2";"40,2";"39,0";"40,6";"41,0";"55,8";"40,2";"36,2";"42,8";"40,4";"42,6";"41,6";"42,0";"43,1";"40,2";"41,9";"43,1";"57,6";"42,0";"39,5";"44,2";"42,5";"46,3";"41,9";"43,9";"46,3";"44,6";"46,3";"48,2";"62,3";"47,1";"42,6";"49,6";"46,9";"50,4";"47,8";"49,7";"52,5";"49,6";"53,5";"54,2";"69,3";"54,8";"48,8";"55,9";"54,5";"57,3";"55,9";"58,8";"57,1";"57,4";"57,1";"54,9";"74,1";"58,9";"52,9";"61,5";"55,9";"60,5";"63,0";"60,8";"62,1";"63,5";"63,8";"62,6";"81,7";"64,1";"59,4";"73,4";"62,4";"67,2";"64,9";"68,3";"69,7";"69,6";"73,3";"74,6";"97,1";"73,9";"71,9";"72,7";"73,9";"76,8";"73,7";"75,7";"77,1";"75,1";"76,9";"79,2";"101,8";"77,5";"71,3";"79,9";"73,9";"79,4";"81,7";"82,7";"88,3";"77,7";"88,1";"84,7";"107,8";"88,1";"76,0";"90,4";"86,4";"92,2";"87,6";"94,9";"96,3";"90,5";"97,6";"98,7";"118,3";"95,0";"88,9";"90,9";"95,1";"99,9";"91,1";"98,2";"100,4";"99,8";"106,2";"105,8";"128,7";"102,8";"88,6";"98,7";"93,7";"98,2";"94,6";"100,0";"98,5";"94,6";"98,4";"98,2";"121,3";"92,6";"87,7";"99,7";"90,4";"93,2";"93,6";"92,3";"95,0";"93,1";"94,9";"97,5";"117,9";"95,0";"88,8";"98,1";"92,5";"99,3";"94,4";"95,7";"99,0";"96,8";"96,9";"102,0";"123,4";"97,8";"88,0";"103,9";"94,0";"99,5";"96,3";"95,6";"103,7";"96,3";"102,7";"109,6";"127,1";"102,0";"95,8";"100,6";"99,5";"103,2";"100,4";"107,2";"106,2";"100,5";"105,6";"112,5";"137,3";"106,3";"101,5";"98,0";"75,9";"89,3";"98,1";"111,1";"114,3";"109,6";"117,0";"125,0";"145,4";"110,5";"103,7";"117,0"
"UF";"35";"São Paulo";"...";"...";"...";"...";"...";"...";"...";"...";"...";"...";"...";"...";"36,6";"35,6";"40,3";"38,7";"40,8";"40,8";"41,9";"42,5";"41,9";"43,7";"44,8";"55,4";"42,5";"36,7";"43,7";"42,1";"43,7";"43,7";"43,4";"46,1";"43,7";"45,8";"47,7";"58,1";"45,2";"38,1";"44,9";"42,3";"46,3";"42,8";"45,8";"47,9";"46,2";"49,0";"49,6";"58,6";"46,8";"42,6";"50,5";"49,5";"53,5";"51,6";"53,4";"57,3";"53,8";"59,1";"59,0";"68,1";"55,8";"53,2";"60,6";"60,1";"63,9";"64,0";"66,1";"65,2";"67,4";"64,1";"60,0";"71,9";"59,2";"55,8";"65,7";"61,8";"66,8";"70,7";"66,6";"69,0";"72,2";"71,4";"70,0";"82,4";"66,1";"64,9";"81,0";"70,6";"74,8";"73,0";"75,4";"79,4";"77,2";"81,2";"82,6";"96,2";"74,4";"73,4";"80,5";"79,5";"85,0";"81,2";"83,0";"85,2";"83,3";"84,6";"87,5";"102,3";"84,2";"79,4";"91,8";"85,5";"91,5";"91,3";"92,5";"99,6";"87,3";"96,8";"94,1";"114,3";"90,9";"83,8";"99,1";"94,2";"98,9";"95,4";"99,4";"103,8";"97,7";"105,2";"105,7";"123,9";"99,7";"94,1";"97,2";"97,2";"101,7";"92,0";"97,3";"96,4";"95,5";"101,3";"104,5";"123,2";"97,4";"88,8";"99,2";"96,5";"99,1";"96,2";"98,8";"98,5";"96,7";"104,2";"105,0";"126,8";"96,9";"94,4";"104,2";"99,0";"99,9";"98,6";"99,7";"102,6";"97,3";"101,3";"104,8";"124,1";"100,7";"90,9";"98,0";"97,7";"103,1";"100,7";"102,9";"105,7";"103,5";"105,6";"110,0";"131,0";"106,1";"95,1";"109,7";"107,2";"107,3";"108,7";"111,5";"118,6";"111,8";"116,5";"120,2";"136,8";"114,0";"106,0";"112,5";"116,8";"121,8";"117,0";"122,3";"123,7";"118,1";"126,1";"127,6";"146,9";"122,1";"113,0";"113,1";"86,6";"100,7";"113,9";"126,7";"129,1";"130,2";"141,0";"145,2";"163,8";"130,4";"123,5";"131,2"
"UF";"41";"Paraná";"...";"...";"...";"...";"...";"...";"...";"...";"...";"...";"...";"...";"33,7";"32,0";"37,2";"35,9";"37,5";"36,1";"38,8";"38,7";"38,0";"39,7";"39,7";"51,0";"39,2";"35,4";"42,1";"39,2";"39,7";"38,7";"40,3";"39,5";"37,4";"40,0";"40,1";"51,5";"38,6";"37,2";"43,8";"40,1";"43,8";"39,8";"42,6";"44,2";"42,3";"43,5";"44,4";"55,4";"43,8";"40,6";"48,0";"46,0";"49,0";"48,0";"49,3";"51,9";"49,8";"54,4";"53,2";"62,7";"53,3";"49,9";"56,1";"54,9";"57,4";"56,2";"60,5";"60,0";"59,3";"58,0";"53,3";"65,1";"55,4";"50,5";"59,8";"55,5";"59,1";"60,1";"58,6";"61,9";"63,8";"64,9";"62,0";"76,6";"61,6";"57,7";"73,8";"64,1";"67,8";"66,1";"69,1";"72,0";"70,2";"74,1";"75,6";"92,2";"69,9";"70,4";"75,9";"75,9";"78,6";"75,6";"78,0";"80,0";"77,7";"77,9";"81,5";"103,1";"81,8";"75,2";"84,5";"79,3";"85,0";"88,2";"86,1";"93,1";"79,4";"90,6";"89,5";"103,7";"92,8";"82,9";"95,6";"93,0";"96,3";"93,9";"97,6";"100,2";"93,7";"101,8";"103,1";"118,4";"103,0";"91,3";"94,1";"97,4";"100,6";"88,8";"99,4";"97,0";"97,6";"105,5";"104,5";"120,9";"103,6";"87,3";"99,5";"93,8";"95,9";"93,1";"97,7";"96,3";"95,8";"99,6";"94,8";"117,9";"95,7";"92,2";"101,1";"95,8";"96,9";"96,7";"100,0";"98,2";"95,8";"97,4";"101,2";"120,1";"98,4";"89,9";"103,3";"97,1";"100,2";"100,5";"103,3";"106,9";"105,2";"103,9";"109,5";"127,5";"103,5";"96,0";"111,0";"103,9";"102,8";"107,1";"107,4";"114,4";"108,6";"115,5";"118,5";"133,3";"108,9";"103,3";"107,7";"110,8";"111,1";"107,8";"114,4";"118,9";"112,3";"122,6";"125,0";"137,3";"115,5";"111,2";"106,2";"86,7";"108,0";"111,5";"117,6";"122,2";"126,0";"136,0";"134,0";"152,6";"123,8";"121,2";"131,5"
"UF";"42";"Santa Catarina";"...";"...";"...";"...";"...";"...";"...";"...";"...";"...";"...";"...";"33,1";"32,2";"35,8";"35,0";"36,1";"35,7";"38,4";"37,4";"38,3";"42,0";"42,0";"54,9";"40,4";"35,4";"40,0";"39,8";"40,5";"40,0";"39,9";"40,3";"40,2";"42,5";"43,1";"57,7";"40,6";"38,5";"45,2";"42,3";"45,4";"41,5";"43,9";"46,2";"45,0";"47,0";"47,9";"61,7";"48,1";"44,1";"50,3";"48,4";"50,8";"49,1";"50,7";"56,0";"53,9";"57,9";"59,2";"69,6";"56,4";"54,8";"59,5";"59,4";"60,5";"60,1";"64,1";"62,6";"64,2";"62,0";"55,9";"74,0";"60,1";"56,9";"63,9";"60,0";"62,8";"64,2";"62,0";"63,9";"66,7";"67,4";"67,7";"84,5";"65,6";"64,9";"76,9";"67,7";"69,2";"70,4";"72,2";"74,4";"73,1";"74,9";"77,3";"98,0";"75,4";"74,0";"81,9";"79,1";"80,4";"78,0";"81,4";"80,6";"80,6";"79,9";"82,4";"103,9";"80,6";"77,2";"85,1";"75,6";"82,5";"84,6";"83,6";"91,6";"78,8";"90,6";"90,7";"109,6";"89,0";"78,4";"89,4";"87,1";"89,6";"88,6";"93,0";"96,7";"88,9";"97,7";"100,4";"125,0";"99,9";"90,6";"94,2";"97,0";"99,8";"86,6";"95,6";"96,3";"95,5";"106,8";"105,5";"132,2";"103,4";"88,5";"97,4";"94,1";"95,5";"93,6";"95,8";"93,0";"88,7";"99,0";"98,1";"123,4";"93,4";"89,1";"96,2";"91,5";"93,3";"91,7";"95,1";"94,6";"94,4";"97,2";"102,7";"124,9";"101,9";"98,7";"110,9";"104,0";"104,2";"105,0";"107,9";"110,4";"107,6";"111,0";"120,5";"137,7";"122,9";"112,1";"129,5";"120,5";"112,9";"117,8";"117,9";"124,5";"118,6";"129,7";"135,8";"150,7";"134,7";"126,4";"135,1";"134,9";"134,7";"125,8";"136,7";"140,4";"135,9";"147,3";"154,0";"172,3";"147,5";"138,1";"123,3";"110,3";"130,9";"138,5";"150,9";"155,9";"158,6";"174,6";"177,1";"194,8";"162,7";"152,4";"171,2"
"UF";"43";"Rio Grande do Sul";"...";"...";"...";"...";"...";"...";"...";"...";"...";"...";"...";"...";"36,7";"34,8";"41,8";"40,9";"43,1";"42,0";"44,1";"43,7";"41,9";"45,7";"45,4";"61,2";"42,6";"38,5";"45,0";"43,3";"43,8";"43,0";"43,2";"43,3";"40,2";"42,8";"44,5";"58,4";"40,8";"36,9";"44,9";"43,0";"46,1";"41,6";"43,7";"44,8";"43,3";"45,7";"46,1";"60,0";"44,0";"39,6";"48,2";"47,1";"51,0";"47,8";"48,8";"52,5";"48,6";"55,0";"54,7";"67,2";"50,8";"48,5";"55,3";"56,4";"58,7";"57,4";"59,2";"58,4";"58,1";"60,2";"56,6";"70,5";"53,3";"49,3";"59,4";"56,6";"59,8";"60,7";"58,6";"58,9";"60,9";"64,2";"62,8";"81,7";"59,1";"55,8";"72,0";"64,9";"67,9";"67,3";"69,3";"70,7";"68,9";"74,1";"76,6";"96,4";"68,1";"67,4";"74,5";"73,9";"77,2";"76,1";"75,6";"77,7";"74,8";"78,3";"80,8";"104,3";"76,1";"69,9";"83,3";"77,2";"83,0";"85,5";"83,0";"91,5";"78,9";"92,0";"89,6";"110,9";"84,4";"75,2";"92,5";"89,4";"90,2";"90,7";"96,0";"96,8";"93,7";"102,1";"103,2";"125,5";"98,5";"89,0";"93,8";"97,5";"100,3";"89,4";"97,3";"97,3";"99,5";"104,9";"106,0";"126,6";"95,2";"82,0";"97,6";"92,5";"93,3";"90,3";"93,1";"91,2";"89,0";"95,6";"93,1";"115,5";"88,5";"84,8";"95,5";"89,6";"91,7";"92,3";"92,0";"92,3";"88,0";"93,7";"94,0";"113,2";"99,6";"88,6";"105,8";"98,7";"103,5";"103,1";"102,4";"107,6";"104,3";"109,2";"113,8";"135,5";"108,9";"98,1";"118,0";"108,2";"109,6";"113,6";"110,7";"121,3";"113,8";"124,1";"127,3";"146,6";"117,2";"110,1";"120,4";"120,0";"121,5";"116,8";"121,9";"119,2";"112,5";"123,2";"129,8";"154,8";"123,1";"114,7";"109,1";"91,0";"112,2";"115,0";"119,4";"121,5";"123,0";"134,7";"134,7";"158,1";"121,9";"114,8";"132,1"
"UF";"50";"Mato Grosso do Sul";"...";"...";"...";"...";"...";"...";"...";"...";"...";"...";"...";"...";"25,8";"26,0";"29,3";"29,3";"31,6";"31,9";"34,8";"33,0";"33,3";"33,3";"32,7";"43,6";"33,6";"31,1";"36,2";"35,2";"36,0";"34,6";"36,4";"36,7";"35,2";"35,1";"35,4";"45,7";"34,2";"33,6";"39,3";"36,1";"39,2";"36,2";"39,4";"42,1";"40,1";"41,5";"42,7";"51,9";"39,4";"39,6";"45,3";"44,2";"49,1";"46,2";"47,6";"49,7";"46,2";"50,3";"51,8";"60,7";"50,5";"48,3";"52,5";"55,1";"57,2";"56,0";"61,0";"59,2";"60,4";"59,5";"51,9";"64,9";"54,7";"49,5";"57,0";"54,5";"58,9";"60,0";"60,3";"59,8";"64,5";"65,2";"61,6";"75,4";"60,8";"56,3";"74,4";"65,2";"68,2";"67,2";"68,9";"70,6";"72,7";"74,1";"74,3";"92,6";"67,7";"67,7";"71,4";"71,7";"81,3";"74,0";"75,6";"76,2";"74,7";"76,2";"77,9";"96,7";"76,1";"72,1";"79,4";"72,4";"81,2";"80,3";"84,1";"91,4";"81,3";"93,7";"89,5";"102,5";"89,5";"81,8";"92,3";"89,1";"95,6";"88,6";"97,2";"93,9";"91,6";"97,3";"100,1";"121,4";"95,0";"89,4";"93,8";"96,6";"102,4";"92,0";"98,1";"98,3";"98,0";"105,0";"104,6";"126,9";"101,7";"91,6";"102,2";"98,7";"101,4";"97,3";"103,0";"100,3";"96,6";"104,5";"103,2";"125,6";"98,8";"95,5";"104,6";"99,8";"102,5";"99,2";"101,8";"101,9";"96,8";"100,9";"105,1";"125,1";"97,6";"90,5";"99,9";"92,8";"100,1";"96,8";"101,5";"101,9";"102,4";"100,9";"101,8";"118,7";"98,8";"94,2";"106,7";"97,1";"101,7";"104,6";"106,9";"112,7";"110,4";"114,7";"116,1";"127,1";"108,1";"103,9";"105,3";"105,1";"110,6";"101,8";"115,9";"114,5";"114,3";"118,1";"118,1";"132,1";"112,6";"107,9";"103,0";"89,7";"108,7";"111,2";"118,6";"122,5";"132,3";"138,7";"137,5";"154,8";"123,6";"121,6";"135,6"
"UF";"51";"Mato Grosso";"...";"...";"...";"...";"...";"...";"...";"...";"...";"...";"...";"...";"28,6";"28,4";"33,1";"32,8";"36,5";"36,4";"38,9";"39,0";"38,0";"39,8";"38,4";"45,7";"35,1";"36,1";"39,5";"38,3";"39,8";"38,1";"39,2";"41,6";"40,0";"40,1";"39,3";"47,6";"37,7";"32,9";"37,6";"33,1";"35,5";"34,0";"36,0";"38,3";"37,6";"39,1";"39,2";"47,0";"36,9";"35,3";"42,5";"39,6";"43,6";"41,7";"44,2";"45,7";"43,5";"47,7";"45,4";"55,0";"43,7";"43,6";"48,1";"49,7";"51,9";"53,1";"58,2";"56,8";"57,8";"57,1";"50,2";"59,5";"50,1";"46,0";"53,4";"49,1";"54,3";"56,4";"57,5";"57,4";"59,9";"60,2";"56,7";"73,3";"56,8";"55,6";"67,4";"59,9";"64,0";"62,3";"69,4";"71,0";"69,9";"74,0";"74,4";"88,3";"70,7";"64,8";"72,8";"69,3";"74,3";"70,7";"76,5";"78,6";"75,6";"77,7";"77,2";"97,7";"76,8";"73,5";"84,2";"76,7";"83,4";"85,3";"90,2";"95,6";"84,5";"93,8";"89,2";"104,7";"83,5";"77,3";"92,3";"90,1";"95,8";"95,2";"97,0";"97,6";"94,0";"99,4";"98,8";"111,1";"93,2";"87,8";"95,3";"99,3";"100,4";"94,7";"103,0";"101,0";"101,2";"106,6";"102,6";"114,9";"94,1";"84,7";"98,9";"90,0";"94,5";"95,5";"100,8";"96,6";"93,6";"96,4";"94,1";"109,2";"88,3";"87,6";"94,3";"92,9";"90,7";"94,2";"96,3";"95,1";"88,2";"88,6";"88,1";"101,8";"91,2";"82,3";"97,8";"91,2";"99,5";"98,0";"100,7";"101,1";"102,4";"103,0";"103,5";"118,1";"100,2";"93,2";"110,9";"107,0";"105,9";"110,8";"112,5";"116,6";"110,7";"121,7";"118,9";"127,4";"110,5";"106,6";"114,4";"114,1";"120,6";"116,9";"126,6";"124,6";"120,4";"127,4";"126,6";"140,1";"117,5";"119,6";"113,2";"96,0";"114,5";"114,2";"122,5";"134,0";"132,0";"141,9";"141,1";"155,2";"121,5";"128,1";"144,1"
"UF";"52";"Goiás";"...";"...";"...";"...";"...";"...";"...";"...";"...";"...";"...";"...";"29,1";"26,9";"31,3";"30,4";"32,1";"32,7";"35,2";"34,3";"34,1";"35,4";"35,9";"43,9";"35,4";"34,5";"39,2";"38,3";"40,3";"39,9";"40,5";"42,1";"39,0";"40,3";"40,4";"51,2";"41,2";"36,7";"43,1";"39,7";"44,4";"40,5";"43,4";"45,2";"43,4";"44,3";"45,8";"54,3";"46,7";"41,0";"49,2";"46,2";"51,0";"48,2";"50,3";"53,5";"50,8";"55,0";"55,7";"62,6";"56,8";"53,7";"58,1";"59,5";"61,5";"62,9";"66,6";"63,1";"63,9";"60,5";"53,1";"64,4";"59,9";"52,3";"63,0";"56,4";"62,0";"66,2";"64,4";"63,1";"67,5";"66,4";"63,1";"76,8";"66,7";"61,2";"80,4";"66,8";"70,2";"71,8";"74,4";"75,5";"74,7";"79,6";"79,1";"95,0";"75,8";"74,0";"81,4";"80,4";"83,5";"80,2";"80,4";"84,8";"81,1";"79,7";"81,7";"97,1";"86,1";"76,1";"85,3";"80,4";"87,9";"88,9";"90,6";"98,2";"83,5";"97,4";"89,3";"102,7";"96,4";"82,6";"96,5";"93,9";"96,6";"94,5";"100,1";"100,4";"95,5";"100,0";"100,4";"111,8";"102,8";"89,5";"94,7";"99,2";"104,9";"92,2";"99,9";"99,3";"98,7";"106,7";"101,9";"110,2";"99,5";"83,7";"95,5";"89,7";"93,6";"90,2";"93,1";"90,5";"86,2";"89,5";"88,4";"99,2";"85,2";"80,5";"89,5";"84,9";"85,4";"86,3";"85,2";"85,7";"83,7";"84,1";"89,9";"100,6";"78,8";"72,5";"77,4";"75,5";"80,2";"79,2";"77,0";"78,0";"75,5";"78,7";"83,7";"90,8";"78,1";"69,0";"80,5";"80,5";"81,3";"79,5";"81,7";"87,2";"81,4";"86,6";"94,0";"98,1";"84,1";"78,9";"83,5";"81,8";"87,3";"83,3";"85,8";"88,0";"87,2";"92,3";"98,4";"101,2";"90,1";"80,4";"81,2";"63,1";"77,1";"80,3";"86,7";"92,1";"94,2";"101,4";"101,2";"109,4";"92,6";"89,1";"94,0"
"UF";"53";"Distrito Federal";"...";"...";"...";"...";"...";"...";"...";"...";"...";"...";"...";"...";"36,8";"36,3";"42,5";"40,2";"42,9";"41,5";"43,8";"43,9";"42,3";"44,2";"46,5";"57,7";"43,9";"43,4";"50,5";"48,7";"50,9";"49,5";"51,2";"53,3";"51,0";"54,8";"56,4";"72,2";"54,1";"50,5";"58,5";"56,4";"62,1";"56,3";"59,9";"63,7";"59,4";"63,0";"66,6";"78,4";"63,2";"57,7";"67,8";"64,4";"69,6";"68,1";"68,8";"74,8";"67,4";"73,1";"74,0";"84,7";"69,9";"65,8";"72,5";"71,2";"72,0";"70,3";"73,6";"73,1";"70,9";"70,6";"67,3";"82,5";"69,0";"66,1";"74,7";"67,9";"73,3";"76,6";"74,5";"75,1";"79,8";"78,3";"73,4";"90,3";"74,3";"69,4";"89,6";"74,2";"78,2";"76,7";"84,3";"83,8";"81,6";"85,5";"87,7";"105,0";"81,6";"80,8";"83,3";"83,7";"85,8";"81,9";"86,4";"86,8";"84,3";"87,0";"88,7";"105,4";"86,3";"80,4";"93,4";"84,8";"90,9";"94,8";"94,0";"104,3";"84,1";"97,7";"92,9";"111,2";"91,1";"81,8";"96,4";"93,5";"95,2";"91,1";"98,6";"99,8";"93,6";"101,3";"100,9";"113,2";"104,3";"92,5";"95,5";"97,8";"101,8";"93,0";"97,3";"100,5";"98,0";"101,7";"102,2";"115,7";"97,8";"86,7";"98,3";"93,1";"96,4";"94,2";"97,1";"94,7";"89,4";"94,0";"93,5";"106,2";"90,0";"85,6";"93,0";"86,5";"86,7";"86,7";"88,8";"88,3";"85,2";"87,6";"91,5";"103,3";"87,3";"79,5";"91,3";"86,5";"95,2";"95,3";"90,6";"94,0";"90,8";"92,4";"96,3";"103,3";"91,8";"79,9";"96,5";"90,6";"92,3";"91,9";"92,5";"97,9";"91,4";"94,4";"100,1";"105,3";"93,4";"87,9";"94,0";"94,5";"100,4";"95,6";"99,5";"100,3";"97,1";"102,1";"102,5";"112,9";"101,4";"93,0";"85,4";"67,1";"78,3";"87,3";"98,3";"102,5";"101,2";"109,6";"109,7";"116,5";"97,9";"91,1";"97,8"
"Fonte: IBGE - Pesquisa Mensal de Comércio"

""
"Legenda"
"Símbolo";"Significado"
"-";"Zero absoluto, não resultante de um cálculo ou arredondamento.
Ex: Em determinado município não existem pessoas de 14 anos de idade sem instrução."
"0";"Zero resultante de um cálculo ou arredondamento.
Ex: A inflação do feijão em determinada Região Metropolitana foi 0.
Determinado município produziu 400 kg de sementes de girassol e os dados da tabela são expressos em toneladas."
"X";"Valor inibido para não identificar o informante.
Ex: Determinado município só possui uma empresa produtora de cimento, logo o valor de sua produção deve ser inibido."
"..";"Valor não se aplica.
Ex: Não se pode obter o total da produção agrícola em determinado município quando os produtos agrícolas são contabilizados com unidades de medida distintas."
"...";"Valor não disponível.
Ex: A produção de feijão em determinado município não foi pesquisada ou determinado município não existia no ano da pesquisa."
"A a Z
(exceto X)";"Significa uma faixa de valores. Varia em função da tabela (se for o caso).
Ex: O nível de precisão da produção estimada de combustíveis está na faixa A (95 a 100%)"
